emailAdress,                            uid_contractor
info@constructionzendesign.com,         6637
info@fregeauconstruction.com,           7462
gabriel@gmgentrepreneur.com,            7853
info@constructionrenovt.com,            3380
info@constructioncs.ca,                 7732
stevemigneault@maxivoltconstruction.ca, 4664
guillaume@constructionthibodeau.com,    4002
luc.benoit@progazon.ca,                 2980
contact@constructionshbel.com,          9018
davis@prostationnement.com,             3405
info@constructiondurab.com,             9327
nicolas.martel@martechprotection.ca,    2880
info@frle.ca,                           2545
info@aentreprises.com,                  10017
benoit.senez@byffconstruction.com,      3313
jf@cote-branche.com,                    2250
info@maconnerielagedepierre.com,        10522
Aube.sebastien@docteurceramique.com,    4509
info@obkrenovation.ca,                  7119
info@airlegrand.com,                    4576